"decimalLongitude","decimalLatitude","Mussismilia_hispida"
-38.669498,-17.992001,1
-38.655666,-17.968,1
-38.653332,-17.955166,1
-38.669498,-17.992001,1
-38.669498,-17.992001,1
-38.669498,-17.992001,1
-38.695168,-17.981501,1
-38.653332,-17.955166,1
-38.669498,-17.992001,1
-38.695168,-17.981501,1
-38.701832,-17.959999,1
-82.1107,9.31979,1
-82.1107,9.31979,1
-82.1107,9.31979,1
-45.1,-23.5,1
-38.62,-12.73,1
